scan_time,symbol,dna,max_gain,verdict
01-17 00:00,ASRUSDT,birikim_fazi|coiling|harmony_L2|sleeping|mid_zone|building_energy,%4.45,FAIL (Fake)
01-17 00:00,PHBUSDT,derin_dip|micro_squeeze|harmony_L3|sleeping|deep_valley|depleting_energy,%2.10,FAIL (Fake)
01-17 00:00,FIOUSDT,birikim_fazi|micro_squeeze|harmony_L2|sleeping|mid_zone|building_energy,%1.81,FAIL (Fake)
01-17 00:00,LAUSDT,birikim_fazi|tight_squeeze|harmony_L1|sleeping|mid_zone|building_energy,%2.25,FAIL (Fake)
01-17 00:00,AUCTIONUSDT,birikim_fazi|micro_squeeze|harmony_L3|sleeping|mid_zone|depleting_energy,%4.14,FAIL (Fake)
01-17 00:00,VIRTUALUSDT,birikim_fazi|coiling|harmony_L1|sleeping|mid_zone|depleting_energy,%0.07,FAIL (Fake)
01-17 04:00,RESOLVUSDT,birikim_fazi|micro_squeeze|harmony_L2|sleeping|deep_valley|depleting_energy,%20.56,FAIL (Fake)
01-17 04:00,FIOUSDT,birikim_fazi|micro_squeeze|harmony_L2|sleeping|mid_zone|building_energy,%2.34,FAIL (Fake)
01-17 04:00,MEUSDT,derin_dip|micro_squeeze|harmony_L2|sleeping|deep_valley|building_energy,%50.86,FAIL (Fake)
01-17 04:00,SOMIUSDT,derin_dip|coiling|harmony_L0|sleeping|deep_valley|building_energy,%2.54,FAIL (Fake)
01-17 04:00,AUCTIONUSDT,birikim_fazi|micro_squeeze|harmony_L3|sleeping|mid_zone|depleting_energy,%4.33,FAIL (Fake)
01-17 08:00,SCRUSDT,derin_dip|tight_squeeze|harmony_L3|sleeping|deep_valley|building_energy,%2.38,FAIL (Fake)
01-17 08:00,ASRUSDT,birikim_fazi|coiling|harmony_L2|sleeping|mid_zone|building_energy,%2.51,FAIL (Fake)
01-17 08:00,FIOUSDT,birikim_fazi|micro_squeeze|harmony_L2|sleeping|mid_zone|building_energy,%1.55,FAIL (Fake)
01-17 08:00,MEUSDT,derin_dip|micro_squeeze|harmony_L2|sleeping|deep_valley|building_energy,%49.37,FAIL (Fake)
01-17 08:00,HIGHUSDT,derin_dip|tight_squeeze|harmony_L3|sleeping|deep_valley|building_energy,%24.67,SILVER
01-17 08:00,AUCTIONUSDT,birikim_fazi|micro_squeeze|harmony_L3|sleeping|mid_zone|depleting_energy,%3.03,FAIL (Fake)
01-17 08:00,XPLUSDT,derin_dip|loose|harmony_L1|sleeping|deep_valley|depleting_energy,%0.07,FAIL (Fake)
01-17 08:00,RENDERUSDT,birikim_fazi|micro_squeeze|harmony_L1|sleeping|mid_zone|depleting_energy,%1.61,FAIL (Fake)
01-17 12:00,SCRUSDT,derin_dip|tight_squeeze|harmony_L3|sleeping|deep_valley|building_energy,%2.38,FAIL (Fake)
01-17 12:00,RESOLVUSDT,birikim_fazi|micro_squeeze|harmony_L2|sleeping|deep_valley|depleting_energy,%28.03,FAIL (Fake)
01-17 12:00,PIXELUSDT,derin_dip|loose|harmony_L3|ignited|deep_valley|building_energy,%5.98,FAIL (Fake)
01-17 12:00,IOTAUSDT,derin_dip|coiling|harmony_L2|sleeping|mid_zone|depleting_energy,%2.19,FAIL (Fake)
01-17 12:00,FIOUSDT,birikim_fazi|micro_squeeze|harmony_L2|sleeping|mid_zone|building_energy,%1.55,FAIL (Fake)
01-17 12:00,HIGHUSDT,derin_dip|tight_squeeze|harmony_L3|sleeping|deep_valley|building_energy,%21.46,FAIL (Fake)
01-17 12:00,AUCTIONUSDT,birikim_fazi|micro_squeeze|harmony_L3|sleeping|mid_zone|depleting_energy,%2.85,FAIL (Fake)
01-17 12:00,ZROUSDT,birikim_fazi|micro_squeeze|harmony_L3|active|mid_zone|building_energy,%6.64,FAIL (Fake)
01-17 12:00,RENDERUSDT,birikim_fazi|micro_squeeze|harmony_L1|sleeping|mid_zone|depleting_energy,%2.44,FAIL (Fake)
01-17 16:00,SCRUSDT,derin_dip|tight_squeeze|harmony_L3|sleeping|deep_valley|building_energy,%1.18,FAIL (Fake)
01-17 16:00,RESOLVUSDT,birikim_fazi|micro_squeeze|harmony_L2|sleeping|deep_valley|depleting_energy,%28.03,FAIL (Fake)
01-17 16:00,PIXELUSDT,derin_dip|loose|harmony_L3|ignited|deep_valley|building_energy,%0.00,FAIL (Fake)
01-17 16:00,FIOUSDT,birikim_fazi|micro_squeeze|harmony_L2|sleeping|mid_zone|building_energy,%0.69,FAIL (Fake)
01-17 16:00,HIGHUSDT,derin_dip|tight_squeeze|harmony_L3|sleeping|deep_valley|building_energy,%18.41,FAIL (Fake)
01-17 16:00,AUCTIONUSDT,birikim_fazi|micro_squeeze|harmony_L3|sleeping|mid_zone|depleting_energy,%3.21,FAIL (Fake)
01-17 16:00,ZROUSDT,birikim_fazi|micro_squeeze|harmony_L3|active|mid_zone|building_energy,%5.69,FAIL (Fake)
01-17 16:00,RENDERUSDT,birikim_fazi|micro_squeeze|harmony_L1|sleeping|mid_zone|depleting_energy,%0.18,FAIL (Fake)
01-17 20:00,YGGUSDT,derin_dip|coiling|harmony_L3|ignited|deep_valley|building_energy,%0.00,FAIL (Fake)
01-17 20:00,SCRUSDT,derin_dip|tight_squeeze|harmony_L3|sleeping|deep_valley|building_energy,%1.18,FAIL (Fake)
01-17 20:00,COSUSDT,derin_dip|coiling|harmony_L3|sleeping|deep_valley|building_energy,%3.67,FAIL (Fake)
01-17 20:00,RESOLVUSDT,birikim_fazi|micro_squeeze|harmony_L2|sleeping|deep_valley|depleting_energy,%39.65,FAIL (Fake)
01-17 20:00,PIXELUSDT,derin_dip|loose|harmony_L2|ignited|deep_valley|building_energy,%0.86,FAIL (Fake)
01-17 20:00,1000SATSUSDT,derin_dip|micro_squeeze|harmony_L1|sleeping|mid_zone|depleting_energy,%0.00,FAIL (Fake)
01-17 20:00,ZKPUSDT,asiri_alim|coiling|harmony_L1|sleeping|mid_zone|depleting_energy,%17.69,FAIL (Fake)
01-17 20:00,HIGHUSDT,derin_dip|tight_squeeze|harmony_L3|sleeping|deep_valley|building_energy,%0.00,FAIL (Fake)
01-17 20:00,SOMIUSDT,derin_dip|micro_squeeze|harmony_L1|sleeping|deep_valley|building_energy,%0.04,FAIL (Fake)
01-17 20:00,AUCTIONUSDT,birikim_fazi|micro_squeeze|harmony_L3|sleeping|mid_zone|depleting_energy,%3.40,FAIL (Fake)
01-17 20:00,TURTLEUSDT,asiri_alim|micro_squeeze|harmony_L1|sleeping|deep_valley|depleting_energy,%15.37,FAIL (Fake)
01-17 20:00,RENDERUSDT,birikim_fazi|micro_squeeze|harmony_L1|sleeping|mid_zone|depleting_energy,%0.45,FAIL (Fake)
01-18 00:00,YGGUSDT,derin_dip|coiling|harmony_L1|active|deep_valley|building_energy,%0.93,FAIL (Fake)
01-18 00:00,1INCHUSDT,birikim_fazi|tight_squeeze|harmony_L0|sleeping|mid_zone|building_energy,%0.13,FAIL (Fake)
01-18 00:00,AAVEUSDT,derin_dip|micro_squeeze|harmony_L1|active|mid_zone|depleting_energy,%2.01,FAIL (Fake)
01-18 00:00,TKOUSDT,derin_dip|micro_squeeze|harmony_L1|active|mid_zone|depleting_energy,%1.33,FAIL (Fake)
01-18 00:00,1000SATSUSDT,derin_dip|micro_squeeze|harmony_L0|sleeping|mid_zone|depleting_energy,%0.10,FAIL (Fake)
01-18 00:00,ORDIUSDT,birikim_fazi|micro_squeeze|harmony_L1|sleeping|mid_zone|depleting_energy,%2.12,FAIL (Fake)
01-18 00:00,RENDERUSDT,birikim_fazi|micro_squeeze|harmony_L1|sleeping|mid_zone|depleting_energy,%1.55,FAIL (Fake)
01-18 00:00,WAXPUSDT,derin_dip|tight_squeeze|harmony_L3|active|mid_zone|building_energy,%0.11,FAIL (Fake)
01-18 04:00,YGGUSDT,derin_dip|coiling|harmony_L1|active|deep_valley|building_energy,%0.54,FAIL (Fake)
01-18 04:00,SCRUSDT,derin_dip|tight_squeeze|harmony_L3|sleeping|deep_valley|building_energy,%3.61,FAIL (Fake)
01-18 04:00,PIXELUSDT,derin_dip|coiling|harmony_L2|sleeping|deep_valley|building_energy,%2.74,FAIL (Fake)
01-18 04:00,BIFIUSDT,birikim_fazi|loose|harmony_L3|sleeping|deep_valley|depleting_energy,%26.11,FAIL (Fake)
01-18 04:00,1000SATSUSDT,derin_dip|micro_squeeze|harmony_L0|sleeping|mid_zone|depleting_energy,%0.91,FAIL (Fake)
01-18 04:00,JUVUSDT,derin_dip|tight_squeeze|harmony_L2|sleeping|mid_zone|building_energy,%1.41,FAIL (Fake)
01-18 04:00,AUCTIONUSDT,birikim_fazi|micro_squeeze|harmony_L0|active|mid_zone|depleting_energy,%0.72,FAIL (Fake)
01-18 04:00,LISTAUSDT,derin_dip|coiling|harmony_L0|sleeping|deep_valley|building_energy,%0.47,FAIL (Fake)
01-18 04:00,MASKUSDT,derin_dip|tight_squeeze|harmony_L0|sleeping|mid_zone|depleting_energy,%0.44,FAIL (Fake)
01-18 04:00,ORDIUSDT,birikim_fazi|micro_squeeze|harmony_L1|sleeping|mid_zone|depleting_energy,%3.45,FAIL (Fake)
01-18 04:00,RENDERUSDT,birikim_fazi|micro_squeeze|harmony_L1|sleeping|mid_zone|depleting_energy,%1.78,FAIL (Fake)
01-18 04:00,WAXPUSDT,derin_dip|tight_squeeze|harmony_L3|active|mid_zone|building_energy,%0.22,FAIL (Fake)
01-18 08:00,BANKUSDT,asiri_alim|micro_squeeze|harmony_L2|sleeping|mid_zone|building_energy,%11.84,FAIL (Fake)
01-18 08:00,HFTUSDT,derin_dip|micro_squeeze|harmony_L2|ignited|deep_valley|building_energy,%0.95,FAIL (Fake)
01-18 08:00,BIFIUSDT,birikim_fazi|loose|harmony_L3|sleeping|deep_valley|depleting_energy,%1.10,FAIL (Fake)
01-18 08:00,1000SATSUSDT,derin_dip|micro_squeeze|harmony_L0|sleeping|mid_zone|depleting_energy,%0.59,FAIL (Fake)
01-18 08:00,MAGICUSDT,birikim_fazi|coiling|harmony_L2|ignited|mid_zone|building_energy,%13.49,FAIL (Fake)
01-18 08:00,AUCTIONUSDT,birikim_fazi|micro_squeeze|harmony_L0|active|mid_zone|depleting_energy,%0.72,FAIL (Fake)
01-18 08:00,LISTAUSDT,derin_dip|coiling|harmony_L0|sleeping|deep_valley|building_energy,%2.39,FAIL (Fake)
01-18 08:00,RENDERUSDT,birikim_fazi|micro_squeeze|harmony_L1|sleeping|mid_zone|depleting_energy,%1.87,FAIL (Fake)
01-18 12:00,BANKUSDT,asiri_alim|micro_squeeze|harmony_L2|sleeping|mid_zone|building_energy,%11.84,FAIL (Fake)
01-18 12:00,FORTHUSDT,derin_dip|coiling|harmony_L2|ignited|mid_zone|building_energy,%0.54,FAIL (Fake)
01-18 12:00,HFTUSDT,derin_dip|micro_squeeze|harmony_L2|ignited|deep_valley|building_energy,%1.92,FAIL (Fake)
01-18 12:00,AAVEUSDT,derin_dip|micro_squeeze|harmony_L1|active|mid_zone|depleting_energy,%2.40,FAIL (Fake)
01-18 12:00,BIFIUSDT,birikim_fazi|loose|harmony_L3|sleeping|deep_valley|depleting_energy,%1.20,FAIL (Fake)
01-18 12:00,1000SATSUSDT,derin_dip|micro_squeeze|harmony_L0|sleeping|mid_zone|depleting_energy,%0.92,FAIL (Fake)
01-18 12:00,MAGICUSDT,birikim_fazi|coiling|harmony_L2|ignited|mid_zone|building_energy,%0.56,FAIL (Fake)
01-18 12:00,GHSTUSDT,derin_dip|micro_squeeze|harmony_L2|ignited|mid_zone|building_energy,%10.16,FAIL (Fake)
01-18 12:00,GNSUSDT,derin_dip|micro_squeeze|harmony_L1|sleeping|mid_zone|depleting_energy,%2.20,FAIL (Fake)
01-18 12:00,AUCTIONUSDT,birikim_fazi|micro_squeeze|harmony_L0|active|mid_zone|depleting_energy,%0.91,FAIL (Fake)
01-18 12:00,SAGAUSDT,derin_dip|micro_squeeze|harmony_L3|ignited|deep_valley|building_energy,%16.45,FAIL (Fake)
01-18 12:00,VANRYUSDT,derin_dip|tight_squeeze|harmony_L3|ignited|deep_valley|building_energy,%18.45,FAIL (Fake)
01-18 12:00,ZBTUSDT,derin_dip|coiling|harmony_L1|sleeping|deep_valley|depleting_energy,%0.38,FAIL (Fake)
01-18 16:00,BANKUSDT,asiri_alim|micro_squeeze|harmony_L2|sleeping|mid_zone|building_energy,%10.71,FAIL (Fake)
01-18 16:00,FORTHUSDT,derin_dip|coiling|harmony_L2|ignited|mid_zone|building_energy,%0.60,FAIL (Fake)
01-18 16:00,ZKUSDT,birikim_fazi|micro_squeeze|harmony_L2|active|deep_valley|depleting_energy,%5.30,FAIL (Fake)
01-18 16:00,RESOLVUSDT,birikim_fazi|micro_squeeze|harmony_L2|sleeping|deep_valley|depleting_energy,%51.33,FAIL (Fake)
01-18 16:00,MITOUSDT,derin_dip|micro_squeeze|harmony_L3|active|deep_valley|depleting_energy,%0.66,FAIL (Fake)
01-18 16:00,BIFIUSDT,birikim_fazi|loose|harmony_L3|sleeping|deep_valley|depleting_energy,%0.54,FAIL (Fake)
01-18 16:00,GHSTUSDT,derin_dip|micro_squeeze|harmony_L2|ignited|mid_zone|building_energy,%5.64,FAIL (Fake)
01-18 16:00,AUCTIONUSDT,birikim_fazi|micro_squeeze|harmony_L0|active|mid_zone|depleting_energy,%0.73,FAIL (Fake)
01-18 16:00,SAGAUSDT,derin_dip|micro_squeeze|harmony_L3|ignited|deep_valley|building_energy,%15.35,FAIL (Fake)
01-18 16:00,HOLOUSDT,derin_dip|tight_squeeze|harmony_L1|active|deep_valley|depleting_energy,%2.47,FAIL (Fake)
01-18 16:00,VANRYUSDT,derin_dip|loose|harmony_L3|ignited|deep_valley|building_energy,%7.41,FAIL (Fake)
01-18 16:00,ZBTUSDT,derin_dip|coiling|harmony_L1|sleeping|deep_valley|depleting_energy,%0.66,FAIL (Fake)
01-18 20:00,FORTHUSDT,derin_dip|coiling|harmony_L2|ignited|mid_zone|building_energy,%0.11,FAIL (Fake)
01-18 20:00,AAVEUSDT,derin_dip|micro_squeeze|harmony_L1|active|mid_zone|depleting_energy,%0.16,FAIL (Fake)
01-18 20:00,TKOUSDT,derin_dip|micro_squeeze|harmony_L1|active|mid_zone|depleting_energy,%1.56,FAIL (Fake)
01-18 20:00,HAEDALUSDT,derin_dip|tight_squeeze|harmony_L0|ignited|deep_valley|building_energy,%0.00,FAIL (Fake)
01-18 20:00,GNSUSDT,derin_dip|micro_squeeze|harmony_L1|sleeping|mid_zone|depleting_energy,%0.39,FAIL (Fake)
01-18 20:00,AUCTIONUSDT,birikim_fazi|micro_squeeze|harmony_L0|active|mid_zone|depleting_energy,%0.36,FAIL (Fake)
01-18 20:00,RAYUSDT,derin_dip|tight_squeeze|harmony_L1|sleeping|mid_zone|depleting_energy,%0.44,FAIL (Fake)
01-18 20:00,LISTAUSDT,derin_dip|micro_squeeze|harmony_L0|sleeping|deep_valley|building_energy,%1.30,FAIL (Fake)
01-18 20:00,SAGAUSDT,derin_dip|micro_squeeze|harmony_L3|ignited|deep_valley|building_energy,%8.32,FAIL (Fake)
01-18 20:00,CHZUSDT,asiri_alim|tight_squeeze|harmony_L2|sleeping|recovery_high|building_energy,%1.09,FAIL (Fake)
01-18 20:00,MMTUSDT,asiri_alim|coiling|harmony_L1|sleeping|deep_valley|depleting_energy,%0.41,FAIL (Fake)
01-18 20:00,HOLOUSDT,derin_dip|tight_squeeze|harmony_L1|active|deep_valley|depleting_energy,%1.28,FAIL (Fake)
01-18 20:00,VANRYUSDT,derin_dip|loose|harmony_L3|ignited|deep_valley|building_energy,%9.43,FAIL (Fake)
01-19 00:00,QNTUSDT,birikim_fazi|coiling|harmony_L1|ignited|mid_zone|building_energy,%13.66,FAIL (Fake)
01-19 00:00,DGBUSDT,birikim_fazi|loose|harmony_L2|active|mid_zone|building_energy,%5.93,FAIL (Fake)
01-19 00:00,TIAUSDT,derin_dip|micro_squeeze|harmony_L0|ignited|deep_valley|building_energy,%2.70,FAIL (Fake)
01-19 00:00,PIVXUSDT,birikim_fazi|micro_squeeze|harmony_L2|ignited|deep_valley|building_energy,%41.70,FAIL (Fake)
01-19 00:00,PHBUSDT,derin_dip|micro_squeeze|harmony_L1|ignited|deep_valley|building_energy,%19.77,FAIL (Fake)
01-19 00:00,PHAUSDT,derin_dip|tight_squeeze|harmony_L1|ignited|deep_valley|building_energy,%28.84,FAIL (Fake)
01-19 00:00,CHZUSDT,asiri_alim|tight_squeeze|harmony_L2|active|recovery_high|building_energy,%3.40,FAIL (Fake)
01-19 04:00,PIVXUSDT,birikim_fazi|micro_squeeze|harmony_L3|ignited|deep_valley|building_energy,%36.42,FAIL (Fake)
01-19 04:00,PHBUSDT,derin_dip|micro_squeeze|harmony_L1|ignited|deep_valley|building_energy,%21.65,FAIL (Fake)
01-19 04:00,KMNOUSDT,birikim_fazi|loose|harmony_L0|active|mid_zone|building_energy,%9.08,FAIL (Fake)
01-19 04:00,FLOWUSDT,derin_dip|coiling|harmony_L0|active|deep_valley|depleting_energy,%6.49,FAIL (Fake)
01-19 04:00,VANRYUSDT,derin_dip|loose|harmony_L3|ignited|deep_valley|building_energy,%2.88,FAIL (Fake)
01-19 08:00,PIVXUSDT,birikim_fazi|micro_squeeze|harmony_L3|ignited|deep_valley|building_energy,%8.01,FAIL (Fake)
01-19 08:00,PHBUSDT,derin_dip|micro_squeeze|harmony_L1|ignited|deep_valley|building_energy,%19.77,FAIL (Fake)
01-19 08:00,SHELLUSDT,derin_dip|coiling|harmony_L3|ignited|deep_valley|building_energy,%25.45,FAIL (Fake)
01-19 08:00,CETUSUSDT,derin_dip|coiling|harmony_L0|ignited|deep_valley|building_energy,%3.64,FAIL (Fake)
01-19 08:00,KMNOUSDT,birikim_fazi|loose|harmony_L0|active|mid_zone|building_energy,%7.71,FAIL (Fake)
01-19 12:00,PIVXUSDT,birikim_fazi|micro_squeeze|harmony_L3|ignited|deep_valley|building_energy,%2.52,FAIL (Fake)
01-19 12:00,PHBUSDT,derin_dip|micro_squeeze|harmony_L2|ignited|deep_valley|building_energy,%18.85,FAIL (Fake)
01-19 12:00,SHELLUSDT,derin_dip|micro_squeeze|harmony_L3|ignited|deep_valley|building_energy,%20.35,FAIL (Fake)
01-19 12:00,CETUSUSDT,derin_dip|coiling|harmony_L0|ignited|deep_valley|building_energy,%4.49,FAIL (Fake)
01-19 12:00,FLOWUSDT,derin_dip|coiling|harmony_L0|active|deep_valley|depleting_energy,%3.85,FAIL (Fake)
01-19 16:00,PIVXUSDT,birikim_fazi|micro_squeeze|harmony_L3|ignited|deep_valley|building_energy,%2.30,FAIL (Fake)
01-19 16:00,SHELLUSDT,derin_dip|micro_squeeze|harmony_L3|ignited|deep_valley|building_energy,%1.31,FAIL (Fake)
01-19 16:00,SKLUSDT,derin_dip|coiling|harmony_L0|ignited|deep_valley|building_energy,%0.78,FAIL (Fake)
01-19 16:00,CHZUSDT,asiri_alim|tight_squeeze|harmony_L2|active|recovery_high|building_energy,%0.00,FAIL (Fake)
01-19 16:00,FLOWUSDT,derin_dip|coiling|harmony_L0|active|deep_valley|depleting_energy,%1.25,FAIL (Fake)
01-19 16:00,LUNAUSDT,birikim_fazi|coiling|harmony_L1|active|deep_valley|depleting_energy,%2.33,FAIL (Fake)
01-19 20:00,BEAMXUSDT,derin_dip|coiling|harmony_L1|active|deep_valley|building_energy,%0.20,FAIL (Fake)
01-19 20:00,TIAUSDT,derin_dip|micro_squeeze|harmony_L0|ignited|deep_valley|building_energy,%0.38,FAIL (Fake)
01-19 20:00,SHIBUSDT,derin_dip|micro_squeeze|harmony_L1|active|mid_zone|depleting_energy,%0.49,FAIL (Fake)
01-19 20:00,PIVXUSDT,birikim_fazi|micro_squeeze|harmony_L3|ignited|deep_valley|building_energy,%1.88,FAIL (Fake)
01-19 20:00,1000CATUSDT,derin_dip|micro_squeeze|harmony_L1|active|deep_valley|depleting_energy,%1.41,FAIL (Fake)
01-19 20:00,AAVEUSDT,derin_dip|micro_squeeze|harmony_L1|active|mid_zone|depleting_energy,%0.23,FAIL (Fake)
01-19 20:00,WCTUSDT,derin_dip|coiling|harmony_L0|active|deep_valley|building_energy,%0.13,FAIL (Fake)
01-19 20:00,SHELLUSDT,derin_dip|micro_squeeze|harmony_L3|ignited|deep_valley|building_energy,%6.42,FAIL (Fake)
01-19 20:00,GNSUSDT,derin_dip|micro_squeeze|harmony_L1|sleeping|mid_zone|depleting_energy,%0.40,FAIL (Fake)
01-19 20:00,SKLUSDT,derin_dip|coiling|harmony_L0|ignited|deep_valley|building_energy,%0.49,FAIL (Fake)
01-19 20:00,JTOUSDT,derin_dip|coiling|harmony_L0|ignited|deep_valley|building_energy,%0.28,FAIL (Fake)
01-19 20:00,ROSEUSDT,derin_dip|coiling|harmony_L3|ignited|mid_zone|building_energy,%24.97,FAIL (Fake)
01-19 20:00,FLOWUSDT,derin_dip|coiling|harmony_L0|active|deep_valley|depleting_energy,%0.00,FAIL (Fake)
01-19 20:00,LUNAUSDT,birikim_fazi|coiling|harmony_L1|active|deep_valley|depleting_energy,%0.00,FAIL (Fake)
01-20 00:00,COTIUSDT,derin_dip|coiling|harmony_L1|active|deep_valley|building_energy,%0.18,FAIL (Fake)
01-20 00:00,GHSTUSDT,derin_dip|tight_squeeze|harmony_L1|ignited|deep_valley|building_energy,%9.44,FAIL (Fake)
01-20 00:00,ORDIUSDT,birikim_fazi|loose|harmony_L0|sleeping|mid_zone|depleting_energy,%1.01,FAIL (Fake)
01-20 00:00,ROSEUSDT,derin_dip|coiling|harmony_L3|ignited|mid_zone|building_energy,%20.99,FAIL (Fake)
01-20 04:00,EPICUSDT,derin_dip|coiling|harmony_L1|active|deep_valley|building_energy,%2.20,FAIL (Fake)
01-20 04:00,RESOLVUSDT,birikim_fazi|loose|harmony_L3|ignited|deep_valley|building_energy,%16.31,FAIL (Fake)
01-20 04:00,PHBUSDT,derin_dip|coiling|harmony_L0|ignited|deep_valley|building_energy,%0.36,FAIL (Fake)
01-20 04:00,ORDIUSDT,birikim_fazi|loose|harmony_L0|sleeping|mid_zone|depleting_energy,%1.32,FAIL (Fake)
01-20 04:00,ROSEUSDT,derin_dip|loose|harmony_L3|ignited|mid_zone|building_energy,%26.15,FAIL (Fake)
01-20 04:00,FORMUSDT,derin_dip|coiling|harmony_L0|active|deep_valley|depleting_energy,%0.45,FAIL (Fake)
01-20 08:00,EPICUSDT,derin_dip|coiling|harmony_L1|active|deep_valley|building_energy,%3.07,FAIL (Fake)
01-20 08:00,ALICEUSDT,derin_dip|coiling|harmony_L0|ignited|deep_valley|building_energy,%14.18,FAIL (Fake)
01-20 08:00,PENDLEUSDT,derin_dip|coiling|harmony_L0|ignited|deep_valley|building_energy,%12.38,FAIL (Fake)
01-20 08:00,ORDIUSDT,birikim_fazi|loose|harmony_L0|sleeping|mid_zone|depleting_energy,%0.00,FAIL (Fake)
01-20 08:00,FORMUSDT,derin_dip|coiling|harmony_L0|active|deep_valley|depleting_energy,%0.20,FAIL (Fake)
01-20 12:00,PENDLEUSDT,derin_dip|coiling|harmony_L0|ignited|deep_valley|building_energy,%12.21,FAIL (Fake)
01-20 12:00,GHSTUSDT,derin_dip|tight_squeeze|harmony_L1|ignited|deep_valley|building_energy,%11.93,FAIL (Fake)
01-20 12:00,ORDIUSDT,birikim_fazi|loose|harmony_L0|sleeping|mid_zone|depleting_energy,%1.67,FAIL (Fake)
01-20 12:00,FORMUSDT,derin_dip|coiling|harmony_L0|active|deep_valley|depleting_energy,%0.12,FAIL (Fake)
01-20 16:00,EPICUSDT,derin_dip|tight_squeeze|harmony_L1|active|deep_valley|building_energy,%2.21,FAIL (Fake)
01-20 16:00,RESOLVUSDT,birikim_fazi|loose|harmony_L3|ignited|deep_valley|building_energy,%15.72,FAIL (Fake)
01-20 16:00,DASHUSDT,birikim_fazi|loose|harmony_L1|sleeping|mid_zone|depleting_energy,%1.58,FAIL (Fake)
01-20 16:00,PENDLEUSDT,derin_dip|coiling|harmony_L0|ignited|deep_valley|building_energy,%15.99,FAIL (Fake)
01-20 16:00,ORDIUSDT,birikim_fazi|loose|harmony_L0|sleeping|mid_zone|depleting_energy,%1.50,FAIL (Fake)
01-20 16:00,FORMUSDT,derin_dip|coiling|harmony_L0|active|deep_valley|depleting_energy,%3.55,FAIL (Fake)
01-20 20:00,RESOLVUSDT,birikim_fazi|loose|harmony_L3|ignited|deep_valley|building_energy,%9.19,FAIL (Fake)
01-20 20:00,DASHUSDT,birikim_fazi|loose|harmony_L1|sleeping|mid_zone|depleting_energy,%2.83,FAIL (Fake)
01-20 20:00,PENDLEUSDT,derin_dip|coiling|harmony_L0|ignited|deep_valley|building_energy,%13.09,FAIL (Fake)
01-20 20:00,ORDIUSDT,birikim_fazi|loose|harmony_L0|sleeping|mid_zone|depleting_energy,%1.48,FAIL (Fake)
01-20 20:00,FORMUSDT,derin_dip|coiling|harmony_L0|active|deep_valley|depleting_energy,%2.35,FAIL (Fake)
01-21 00:00,SANDUSDT,derin_dip|micro_squeeze|harmony_L2|sleeping|mid_zone|building_energy,%25.40,FAIL (Fake)
01-21 00:00,EDUUSDT,birikim_fazi|loose|harmony_L0|sleeping|mid_zone|depleting_energy,%14.46,FAIL (Fake)
01-21 00:00,ORDIUSDT,birikim_fazi|loose|harmony_L0|sleeping|mid_zone|depleting_energy,%1.07,FAIL (Fake)
01-21 00:00,DFUSDT,derin_dip|coiling|harmony_L1|sleeping|deep_valley|building_energy,%1.92,FAIL (Fake)
01-21 04:00,TRUUSDT,derin_dip|loose|harmony_L1|sleeping|deep_valley|building_energy,%3.30,FAIL (Fake)
01-21 04:00,EIGENUSDT,derin_dip|loose|harmony_L1|sleeping|deep_valley|building_energy,%5.97,FAIL (Fake)
01-21 04:00,BELUSDT,derin_dip|tight_squeeze|harmony_L3|sleeping|deep_valley|building_energy,%4.12,FAIL (Fake)
01-21 04:00,QKCUSDT,derin_dip|coiling|harmony_L1|sleeping|mid_zone|depleting_energy,%1.15,FAIL (Fake)
01-21 04:00,XPLUSDT,derin_dip|loose|harmony_L1|sleeping|deep_valley|depleting_energy,%4.55,FAIL (Fake)
01-21 04:00,HOLOUSDT,derin_dip|loose|harmony_L0|sleeping|deep_valley|depleting_energy,%6.28,FAIL (Fake)
01-21 04:00,CVXUSDT,birikim_fazi|loose|harmony_L2|active|mid_zone|building_energy,%9.37,FAIL (Fake)
01-21 04:00,DFUSDT,derin_dip|coiling|harmony_L1|sleeping|deep_valley|building_energy,%0.27,FAIL (Fake)
01-21 04:00,ACTUSDT,birikim_fazi|coiling|harmony_L1|sleeping|deep_valley|depleting_energy,%1.67,FAIL (Fake)
01-21 08:00,BANKUSDT,asiri_alim|micro_squeeze|harmony_L2|sleeping|mid_zone|building_energy,%5.86,FAIL (Fake)
01-21 08:00,TRUUSDT,derin_dip|loose|harmony_L1|sleeping|deep_valley|building_energy,%3.30,FAIL (Fake)
01-21 08:00,EIGENUSDT,derin_dip|loose|harmony_L1|sleeping|deep_valley|building_energy,%4.72,FAIL (Fake)
01-21 08:00,BELUSDT,derin_dip|tight_squeeze|harmony_L3|sleeping|deep_valley|building_energy,%4.04,FAIL (Fake)
01-21 08:00,ORDIUSDT,birikim_fazi|loose|harmony_L0|sleeping|mid_zone|depleting_energy,%0.90,FAIL (Fake)
01-21 08:00,PEOPLEUSDT,birikim_fazi|coiling|harmony_L1|sleeping|mid_zone|building_energy,%2.51,FAIL (Fake)
01-21 08:00,CVXUSDT,birikim_fazi|loose|harmony_L2|active|mid_zone|building_energy,%8.15,FAIL (Fake)
01-21 12:00,BELUSDT,derin_dip|tight_squeeze|harmony_L3|sleeping|deep_valley|building_energy,%0.98,FAIL (Fake)
01-21 12:00,ORDIUSDT,birikim_fazi|loose|harmony_L0|sleeping|mid_zone|depleting_energy,%2.91,FAIL (Fake)
01-21 12:00,PEOPLEUSDT,birikim_fazi|coiling|harmony_L0|sleeping|mid_zone|building_energy,%4.14,FAIL (Fake)
01-21 12:00,HOLOUSDT,derin_dip|loose|harmony_L0|sleeping|deep_valley|depleting_energy,%5.63,FAIL (Fake)
01-21 16:00,FETUSDT,birikim_fazi|coiling|harmony_L1|sleeping|mid_zone|depleting_energy,%5.38,FAIL (Fake)
01-21 16:00,FIOUSDT,birikim_fazi|micro_squeeze|harmony_L2|sleeping|mid_zone|building_energy,%3.06,FAIL (Fake)
01-21 16:00,BELUSDT,derin_dip|tight_squeeze|harmony_L3|sleeping|deep_valley|building_energy,%5.67,FAIL (Fake)
01-21 16:00,QKCUSDT,derin_dip|coiling|harmony_L1|sleeping|mid_zone|depleting_energy,%2.98,FAIL (Fake)
01-21 16:00,BOMEUSDT,derin_dip|coiling|harmony_L2|sleeping|deep_valley|building_energy,%7.71,FAIL (Fake)
01-21 16:00,ORDIUSDT,birikim_fazi|loose|harmony_L0|sleeping|mid_zone|depleting_energy,%5.07,FAIL (Fake)
01-21 16:00,PEOPLEUSDT,birikim_fazi|coiling|harmony_L1|sleeping|mid_zone|building_energy,%6.40,FAIL (Fake)
01-21 20:00,FETUSDT,birikim_fazi|coiling|harmony_L1|sleeping|mid_zone|depleting_energy,%0.82,FAIL (Fake)
01-21 20:00,FIOUSDT,birikim_fazi|micro_squeeze|harmony_L2|sleeping|mid_zone|building_energy,%0.54,FAIL (Fake)
01-21 20:00,BELUSDT,derin_dip|tight_squeeze|harmony_L3|sleeping|deep_valley|building_energy,%0.64,FAIL (Fake)
01-21 20:00,ARKMUSDT,derin_dip|coiling|harmony_L1|sleeping|deep_valley|building_energy,%0.54,FAIL (Fake)
01-21 20:00,SYSUSDT,derin_dip|tight_squeeze|harmony_L1|sleeping|mid_zone|depleting_energy,%0.84,FAIL (Fake)
01-21 20:00,BOMEUSDT,derin_dip|coiling|harmony_L2|sleeping|deep_valley|building_energy,%1.13,FAIL (Fake)
01-21 20:00,TOWNSUSDT,derin_dip|coiling|harmony_L1|sleeping|deep_valley|depleting_energy,%0.48,FAIL (Fake)
01-22 00:00,MANTAUSDT,derin_dip|loose|harmony_L3|sleeping|deep_valley|depleting_energy,%3.65,FAIL (Fake)
01-22 00:00,ZKCUSDT,derin_dip|tight_squeeze|harmony_L1|sleeping|deep_valley|depleting_energy,%2.06,FAIL (Fake)
01-22 00:00,EDUUSDT,birikim_fazi|tight_squeeze|harmony_L3|sleeping|mid_zone|depleting_energy,%0.97,FAIL (Fake)
01-22 00:00,ORDIUSDT,birikim_fazi|loose|harmony_L0|sleeping|mid_zone|depleting_energy,%1.23,FAIL (Fake)
01-22 00:00,TOWNSUSDT,derin_dip|coiling|harmony_L1|sleeping|deep_valley|depleting_energy,%0.96,FAIL (Fake)
01-22 00:00,ALLOUSDT,asiri_alim|loose|harmony_L1|sleeping|deep_valley|depleting_energy,%1.18,FAIL (Fake)
01-22 00:00,MMTUSDT,asiri_alim|coiling|harmony_L1|sleeping|deep_valley|depleting_energy,%1.15,FAIL (Fake)
01-22 00:00,AGLDUSDT,derin_dip|coiling|harmony_L3|sleeping|mid_zone|depleting_energy,%6.62,FAIL (Fake)
