symbol,total,wins,fail,neg,diamond,gold,silver,bronze,win_rate
AVNTUSDT,114,51,63,72,4,6,17,24,44.73684210526316
HEMIUSDT,95,40,55,57,2,5,3,30,42.10526315789473
ATUSDT,36,15,21,20,1,0,8,6,41.66666666666667
XPLUSDT,107,44,63,60,1,3,11,29,41.1214953271028
BANKUSDT,56,23,33,32,0,3,5,15,41.07142857142857
EDENUSDT,118,46,72,67,2,2,19,23,38.983050847457626
GIGGLEUSDT,59,23,36,35,6,2,7,8,38.983050847457626
MMTUSDT,49,19,30,33,3,1,5,10,38.775510204081634
BIOUSDT,422,163,259,242,9,16,43,95,38.62559241706161
SPKUSDT,238,88,150,136,10,4,28,46,36.97478991596639
0GUSDT,103,38,65,67,6,4,14,14,36.89320388349515
AIXBTUSDT,417,152,265,224,5,16,51,80,36.45083932853717
SHELLUSDT,384,136,248,204,1,7,31,97,35.41666666666667
TURBOUSDT,523,185,338,279,4,13,70,98,35.37284894837477
SOMIUSDT,139,49,90,77,7,6,15,21,35.25179856115108
COOKIEUSDT,428,150,278,227,4,4,52,90,35.046728971962615
ENSOUSDT,103,36,67,55,3,1,11,21,34.95145631067961
YBUSDT,86,30,56,44,0,0,9,21,34.883720930232556
BBUSDT,688,239,449,357,4,8,67,160,34.73837209302326
RESOLVUSDT,245,85,160,133,12,9,24,40,34.69387755102041
MITOUSDT,150,51,99,88,5,5,10,31,34.0
FUSDT,62,21,41,41,0,1,13,7,33.87096774193548
KITEUSDT,83,28,55,48,1,2,4,21,33.734939759036145
MUBARAKUSDT,318,107,211,160,4,8,31,64,33.64779874213836
VIRTUALUSDT,295,98,197,151,0,13,25,60,33.220338983050844
PENGUUSDT,441,146,295,262,3,8,39,96,33.10657596371882
OPENUSDT,133,44,89,84,1,8,15,20,33.08270676691729
PNUTUSDT,507,166,341,274,9,13,57,87,32.74161735700197
NEIROUSDT,575,188,387,310,10,10,59,109,32.69565217391304
ZKCUSDT,95,31,64,62,4,2,12,13,32.631578947368425
DOLOUSDT,133,43,90,83,0,3,14,26,32.33082706766917
RAYUSDT,1399,450,949,712,15,33,119,283,32.16583273766977
GPSUSDT,343,109,234,195,4,5,28,72,31.778425655976676
WIFUSDT,809,256,553,418,2,11,76,167,31.64400494437577
BROCCOLI714USDT,334,105,229,174,8,10,26,61,31.437125748502993
TSTUSDT,382,120,262,225,5,4,39,72,31.413612565445025
FFUSDT,102,32,70,59,0,1,9,22,31.372549019607842
MIRAUSDT,109,34,75,64,1,2,8,23,31.19266055045872
USUALUSDT,450,139,311,245,4,10,43,82,30.88888888888889
KAITOUSDT,364,112,252,201,11,12,28,61,30.76923076923077
NILUSDT,351,108,243,193,1,7,33,67,30.76923076923077
ACTUSDT,501,154,347,278,7,8,39,100,30.738522954091817
SAPIENUSDT,59,18,41,46,5,3,4,6,30.508474576271187
LISTAUSDT,689,210,479,362,9,8,65,128,30.478955007256893
PUMPUSDT,129,39,90,70,0,1,12,26,30.23255813953488
ALLOUSDT,53,16,37,34,2,1,5,8,30.18867924528302
INITUSDT,306,92,214,149,3,9,32,48,30.065359477124183
KERNELUSDT,336,101,235,174,6,2,30,63,30.059523809523807
EIGENUSDT,539,162,377,301,1,7,47,107,30.0556586270872
TURTLEUSDT,77,23,54,49,0,3,6,14,29.87012987012987
PARTIUSDT,342,101,241,185,9,11,23,58,29.53216374269006
1000SATSUSDT,864,255,609,449,10,12,72,161,29.51388888888889
LINEAUSDT,126,37,89,71,0,2,10,25,29.365079365079367
ENAUSDT,744,218,526,386,3,4,61,150,29.301075268817208
BONKUSDT,869,253,616,500,2,12,69,170,29.11392405063291
COWUSDT,503,146,357,247,7,7,36,96,29.025844930417495
2ZUSDT,90,26,64,56,2,0,9,15,28.888888888888886
HUMAUSDT,267,77,190,142,0,2,23,52,28.83895131086142
CUSDT,200,57,143,117,2,6,18,31,28.499999999999996
BANANAS31USDT,372,106,266,197,14,12,24,56,28.49462365591398
LAUSDT,213,60,153,122,2,3,21,34,28.169014084507044
BERAUSDT,412,116,296,207,1,1,32,82,28.155339805825243
PEPEUSDT,1031,290,741,560,7,21,72,190,28.12803103782735
REZUSDT,737,204,533,397,6,13,52,133,27.6797829036635
METUSDT,62,17,45,33,0,0,6,11,27.419354838709676
SYNUSDT,1264,346,918,702,10,26,90,220,27.37341772151899
GUNUSDT,318,87,231,163,5,4,27,51,27.358490566037734
TREEUSDT,173,47,126,104,1,3,12,31,27.167630057803464
VANRYUSDT,835,224,611,444,4,6,62,152,26.82634730538922
MAVUSDT,1150,307,843,626,8,13,57,229,26.695652173913043
BTTCUSDT,304,81,223,150,6,9,18,48,26.644736842105267
THEUSDT,473,126,347,270,8,7,41,70,26.6384778012685
1000CATUSDT,452,120,332,235,7,9,32,72,26.548672566371685
IOUSDT,664,176,488,368,2,5,36,133,26.506024096385545
SCRUSDT,515,136,379,273,0,1,34,101,26.407766990291265
FTTUSDT,910,240,670,571,10,23,80,127,26.373626373626376
ALTUSDT,862,226,636,453,3,12,45,166,26.218097447795824
REDUSDT,378,99,279,209,12,2,28,57,26.190476190476193
ORDIUSDT,995,259,736,529,6,4,79,170,26.030150753768844
SUPERUSDT,1328,345,983,688,15,19,89,222,25.978915662650603
TUTUSDT,347,90,257,197,3,10,21,56,25.936599423631122
PROVEUSDT,170,44,126,92,4,0,7,33,25.882352941176475
WALUSDT,89,23,66,55,0,2,9,12,25.842696629213485
AIUSDT,910,235,675,472,1,7,58,169,25.82417582417583
TRUUSDT,1350,347,1003,681,12,11,75,249,25.703703703703706
JTOUSDT,916,235,681,482,4,5,58,168,25.655021834061138
LUMIAUSDT,520,133,387,295,8,6,38,81,25.576923076923073
HYPERUSDT,326,83,243,192,11,4,16,52,25.4601226993865
HOLOUSDT,126,32,94,77,1,0,4,27,25.396825396825395
FETUSDT,1275,323,952,684,4,9,73,237,25.333333333333336
NOMUSDT,91,23,68,65,0,2,7,14,25.274725274725274
VANAUSDT,479,120,359,254,3,10,31,76,25.052192066805844
BOMEUSDT,807,202,605,430,1,6,48,147,25.03097893432466
ARKMUSDT,1032,258,774,560,4,11,70,173,25.0
EPICUSDT,350,87,263,186,2,8,31,46,24.857142857142858
STOUSDT,303,75,228,175,9,3,15,48,24.752475247524753
WUSDT,773,190,583,401,2,2,49,137,24.579560155239328
TNSRUSDT,790,194,596,429,6,5,46,137,24.556962025316455
ASTERUSDT,110,27,83,62,0,0,6,21,24.545454545454547
BANANAUSDT,591,145,446,320,9,10,29,97,24.534686971235196
ACAUSDT,1245,305,940,673,13,31,74,187,24.497991967871485
BEAMXUSDT,1045,256,789,565,1,5,66,184,24.497607655502392
PORTALUSDT,834,204,630,455,2,7,45,150,24.46043165467626
CGPTUSDT,414,101,313,223,0,0,28,73,24.396135265700483
CETUSUSDT,496,121,375,255,0,6,35,80,24.39516129032258
WLDUSDT,1075,262,813,568,7,15,70,170,24.372093023255815
PENDLEUSDT,1154,280,874,620,1,14,60,205,24.263431542461007
MEMEUSDT,1001,242,759,526,11,9,53,169,24.175824175824175
SEIUSDT,1014,245,769,537,3,12,56,174,24.16173570019724
BARDUSDT,116,28,88,64,3,1,6,18,24.137931034482758
OMUSDT,1297,313,984,696,21,27,74,191,24.13261372397841
DYMUSDT,809,195,614,448,4,8,34,149,24.103831891223734
MDTUSDT,1318,317,1001,745,18,14,91,194,24.051593323216995
NFPUSDT,936,225,711,488,0,3,47,175,24.03846153846154
PIXELUSDT,814,195,619,416,4,9,46,136,23.955773955773957
LAYERUSDT,401,96,305,216,6,5,35,50,23.940149625935163
AUCTIONUSDT,1425,341,1084,718,16,27,104,194,23.92982456140351
AGLDUSDT,1402,335,1067,714,11,20,98,206,23.894436519258203
TIAUSDT,947,226,721,525,2,12,56,156,23.864836325237594
AWEUSDT,264,63,201,132,5,5,24,29,23.863636363636363
SAGAUSDT,759,181,578,438,3,7,47,124,23.847167325428195
KMNOUSDT,306,72,234,156,0,5,17,50,23.52941176470588
FLOKIUSDT,1136,267,869,634,10,19,67,171,23.503521126760564
YGGUSDT,1363,320,1043,696,13,18,80,209,23.47762289068232
XAIUSDT,892,209,683,457,8,6,48,147,23.430493273542602
BMTUSDT,321,75,246,183,5,1,21,48,23.364485981308412
ETHFIUSDT,780,182,598,417,6,7,35,134,23.333333333333332
MOVEUSDT,482,112,370,277,9,8,31,64,23.236514522821576
HOMEUSDT,254,59,195,134,1,3,10,45,23.228346456692915
SXTUSDT,273,63,210,158,0,2,15,46,23.076923076923077
ANIMEUSDT,412,95,317,222,4,9,26,56,23.058252427184467
SUSDT,414,95,319,231,0,2,24,69,22.946859903381643
TAOUSDT,791,181,610,426,0,9,39,133,22.88242730720607
PHBUSDT,1378,314,1064,708,14,10,75,215,22.786647314949203
BABYUSDT,316,72,244,169,5,4,21,42,22.78481012658228
WCTUSDT,304,69,235,164,6,7,16,40,22.697368421052634
IMXUSDT,1315,298,1017,665,2,6,68,222,22.661596958174904
INJUSDT,1365,308,1057,719,0,8,60,240,22.564102564102566
ACEUSDT,915,206,709,490,5,12,44,145,22.51366120218579
SSVUSDT,1255,281,974,687,3,5,77,196,22.39043824701195
FIDAUSDT,1350,302,1048,746,9,20,77,196,22.37037037037037
HAEDALUSDT,264,59,205,141,3,10,8,38,22.348484848484848
ARKUSDT,1010,225,785,554,17,16,65,127,22.277227722772277
PEOPLEUSDT,1372,304,1068,721,13,19,81,191,22.157434402332363
TOWNSUSDT,172,38,134,101,3,3,6,26,22.093023255813954
CYBERUSDT,1109,245,864,574,6,13,59,167,22.091974752028857
ZBTUSDT,68,15,53,43,4,1,2,8,22.058823529411764
PLUMEUSDT,168,37,131,111,1,0,12,24,22.023809523809522
SUIUSDT,1186,259,927,634,2,6,57,194,21.838111298482293
EDUUSDT,1227,267,960,628,5,11,55,196,21.76039119804401
CATIUSDT,593,129,464,323,9,6,33,81,21.75379426644182
LDOUSDT,1349,293,1056,718,1,3,74,215,21.719792438843587
MAGICUSDT,1285,279,1006,687,18,14,68,179,21.71206225680934
LPTUSDT,1391,302,1089,724,11,16,86,189,21.71099928109274
1000CHEEMSUSDT,378,82,296,213,1,5,25,51,21.693121693121693
JASMYUSDT,1374,298,1076,722,5,22,67,204,21.688500727802037
CHESSUSDT,1384,300,1084,750,5,8,68,219,21.67630057803468
STXUSDT,1306,283,1023,683,3,12,68,200,21.669218989280246
DUSDT,448,97,351,258,5,4,23,65,21.651785714285715
ORCAUSDT,462,100,362,243,7,8,18,67,21.645021645021643
DOGSUSDT,598,129,469,311,3,2,39,85,21.57190635451505
RAREUSDT,1294,279,1015,695,20,25,71,163,21.561051004636784
ARUSDT,1294,279,1015,690,4,8,56,211,21.561051004636784
SOPHUSDT,251,54,197,143,2,1,17,34,21.51394422310757
LQTYUSDT,1267,272,995,677,10,14,63,185,21.468034727703238
1MBABYDOGEUSDT,573,122,451,308,4,2,38,78,21.291448516579408
MANTAUSDT,871,185,686,440,3,1,45,136,21.23995407577497
HOOKUSDT,1324,281,1043,709,0,14,63,204,21.22356495468278
JOEUSDT,1419,301,1118,719,7,5,70,219,21.21212121212121
NTRNUSDT,1027,217,810,503,6,12,58,141,21.12950340798442
AXLUSDT,819,173,646,453,2,11,33,127,21.123321123321123
MBOXUSDT,1347,284,1063,718,3,10,67,204,21.083890126206384
PHAUSDT,1435,302,1133,761,9,19,69,205,21.045296167247386
WOOUSDT,1428,300,1128,709,0,6,61,233,21.008403361344538
FORMUSDT,302,63,239,191,5,8,18,32,20.86092715231788
A2ZUSDT,164,34,130,94,2,3,8,21,20.73170731707317
AMPUSDT,1140,236,904,705,15,18,50,153,20.701754385964914
WLFIUSDT,136,28,108,78,2,1,6,19,20.588235294117645
AEVOUSDT,837,172,665,439,4,9,38,121,20.54958183990442
USTCUSDT,1154,237,917,661,16,24,62,135,20.537261698440208
NOTUSDT,729,149,580,401,7,9,27,106,20.438957475994513
RENDERUSDT,689,139,550,359,1,0,18,120,20.174165457184326
RSRUSDT,1339,270,1069,679,6,4,67,193,20.164301717699775
SKLUSDT,1309,263,1046,682,17,17,67,162,20.091673032849503
XVGUSDT,1363,273,1090,700,24,19,73,157,20.029347028613355
CVXUSDT,1334,267,1067,643,8,7,75,177,20.014992503748125
CKBUSDT,1369,273,1096,707,15,18,70,170,19.941563184806427
GALAUSDT,1367,272,1095,677,3,9,58,202,19.89758595464521
ACHUSDT,1338,266,1072,707,11,14,63,178,19.880418535127056
ZROUSDT,676,134,542,362,3,4,40,87,19.82248520710059
STRAXUSDT,1355,268,1087,762,11,25,69,163,19.778597785977862
TRBUSDT,1368,269,1099,709,13,19,69,168,19.66374269005848
VELODROMEUSDT,475,93,382,236,3,4,23,63,19.57894736842105
DEGOUSDT,1422,278,1144,757,10,16,69,183,19.549929676511955
RPLUSDT,1283,250,1033,672,10,8,50,182,19.485580670303975
SOLVUSDT,411,80,331,255,0,2,24,54,19.464720194647203
RIFUSDT,1393,271,1122,733,13,18,54,186,19.454414931801868
METISUSDT,787,153,634,419,1,5,25,122,19.440914866581956
CFXUSDT,1387,269,1118,757,12,12,61,184,19.3943763518385
TFUELUSDT,1363,264,1099,744,6,7,68,183,19.369038884812912
SIGNUSDT,326,63,263,176,2,3,7,51,19.32515337423313
DUSKUSDT,1416,272,1144,729,6,13,58,195,19.2090395480226
HIGHUSDT,1405,269,1136,734,7,9,52,201,19.14590747330961
ZENUSDT,1356,257,1099,733,12,21,54,170,18.952802359882007
COTIUSDT,1389,263,1126,711,9,5,57,192,18.934485241180706
BICOUSDT,1455,275,1180,766,0,10,50,215,18.900343642611684
HEIUSDT,361,68,293,217,2,5,16,45,18.83656509695291
NXPCUSDT,271,51,220,159,0,0,18,33,18.81918819188192
NEARUSDT,1335,251,1084,677,3,2,37,209,18.801498127340825
HFTUSDT,1422,267,1155,743,4,7,57,199,18.776371308016877
DODOUSDT,1338,249,1089,693,10,7,57,175,18.609865470852018
SYSUSDT,1373,255,1118,719,14,16,38,187,18.572469045884922
STRKUSDT,846,157,689,439,2,4,36,115,18.55791962174941
SCRTUSDT,1365,253,1112,707,9,13,54,177,18.534798534798536
API3USDT,1389,256,1133,752,14,17,53,172,18.430525557955363
EULUSDT,87,16,71,58,0,0,1,15,18.39080459770115
PONDUSDT,1453,267,1186,748,11,21,73,162,18.375774260151413
SNXUSDT,1426,259,1167,746,6,6,63,184,18.162692847124827
ROSEUSDT,1367,248,1119,682,0,2,60,186,18.141916605705926
RADUSDT,1349,244,1105,744,12,10,67,155,18.08747220163084
BELUSDT,1417,256,1161,740,9,10,49,188,18.06633733239238
CRVUSDT,1368,246,1122,738,1,5,53,187,17.982456140350877
NEWTUSDT,234,42,192,114,2,1,7,32,17.94871794871795
OGUSDT,1180,211,969,692,17,19,56,119,17.88135593220339
ACXUSDT,442,79,363,234,1,2,12,64,17.873303167420815
ILVUSDT,1354,242,1112,688,0,7,55,180,17.872968980797637
RUNEUSDT,1371,244,1127,683,0,3,61,180,17.797228300510575
BLURUSDT,962,171,791,520,0,1,40,130,17.775467775467778
FLUXUSDT,1441,256,1185,775,8,8,44,196,17.765440666204025
ZKUSDT,728,129,599,369,3,0,27,99,17.71978021978022
IOTXUSDT,1420,251,1169,732,5,5,60,181,17.676056338028168
MEUSDT,481,85,396,268,8,2,17,58,17.671517671517673
LUNAUSDT,1291,228,1063,727,15,11,46,156,17.660728117738188
ALCXUSDT,1360,240,1120,717,17,14,47,162,17.647058823529413
ARDRUSDT,1379,243,1136,731,14,16,56,157,17.621464829586657
NMRUSDT,1382,243,1139,733,11,9,55,168,17.583212735166427
TRUMPUSDT,387,68,319,207,1,3,29,35,17.571059431524546
ZECUSDT,1401,246,1155,725,3,18,65,160,17.558886509635975
HBARUSDT,1364,238,1126,676,4,10,49,175,17.44868035190616
SPELLUSDT,1291,225,1066,720,16,17,49,143,17.428350116189
MOVRUSDT,1347,234,1113,713,16,10,57,151,17.37193763919822
ONEUSDT,1368,237,1131,693,1,4,52,180,17.324561403508774
PYTHUSDT,879,152,727,431,5,3,26,118,17.29237770193402
QIUSDT,1414,244,1170,725,12,11,49,172,17.256011315417254
PIVXUSDT,986,170,816,522,14,8,41,107,17.24137931034483
TLMUSDT,1337,230,1107,675,5,4,55,166,17.202692595362752
IDUSDT,1315,226,1089,705,5,8,38,175,17.186311787072242
VICUSDT,952,163,789,555,13,11,47,92,17.1218487394958
ALICEUSDT,1367,233,1134,684,9,12,38,174,17.044623262618874
GRTUSDT,1305,221,1084,654,1,3,37,180,16.93486590038314
XNOUSDT,1359,230,1129,698,13,17,61,139,16.92420897718911
SANTOSUSDT,1208,204,1004,716,12,11,53,128,16.887417218543046
VTHOUSDT,1286,217,1069,725,19,12,46,140,16.874027993779162
OPUSDT,1394,235,1159,710,0,7,50,178,16.857962697274033
UMAUSDT,1331,224,1107,732,17,6,56,145,16.829451540195343
ZRXUSDT,1415,238,1177,704,6,16,47,169,16.819787985865727
SLPUSDT,1316,221,1095,705,13,12,56,140,16.793313069908812
ENSUSDT,1359,227,1132,709,3,5,49,170,16.703458425312732
POWRUSDT,1482,247,1235,731,7,15,51,174,16.666666666666664
DCRUSDT,1326,221,1105,709,12,11,43,155,16.666666666666664
ICPUSDT,1412,235,1177,740,1,11,48,175,16.643059490084987
ASRUSDT,1172,195,977,737,22,19,49,105,16.638225255972696
ARPAUSDT,1375,228,1147,714,10,10,54,154,16.581818181818182
AUDIOUSDT,1268,210,1058,716,5,10,55,140,16.561514195583594
DIAUSDT,1353,223,1130,658,13,9,50,151,16.48189209164819
SCUSDT,1409,232,1177,775,1,7,63,161,16.465578424414478
MINAUSDT,1349,221,1128,709,3,10,55,153,16.38250555967383
STORJUSDT,1360,222,1138,746,8,9,40,165,16.323529411764707
DATAUSDT,1495,244,1251,777,11,9,57,167,16.321070234113712
GTCUSDT,1323,215,1108,652,6,2,36,171,16.250944822373395
POLYXUSDT,1490,241,1249,774,6,9,58,168,16.174496644295303
FORTHUSDT,1410,228,1182,757,12,12,41,163,16.170212765957448
MORPHOUSDT,99,16,83,59,0,2,2,12,16.161616161616163
UTKUSDT,1348,217,1131,754,8,15,38,156,16.097922848664687
CELOUSDT,1382,222,1160,706,2,10,37,173,16.063675832127352
GHSTUSDT,1360,218,1142,711,10,14,36,158,16.029411764705884
CVCUSDT,1199,192,1007,647,9,6,50,127,16.013344453711426
FUNUSDT,1321,211,1110,701,20,21,59,111,15.972747918243755
DEXEUSDT,1355,216,1139,772,11,12,66,127,15.940959409594097
CELRUSDT,1425,227,1198,715,2,5,47,173,15.929824561403509
CHRUSDT,1384,220,1164,680,0,8,41,171,15.895953757225435
RLCUSDT,1380,219,1161,710,3,11,42,163,15.869565217391305
QUICKUSDT,1363,216,1147,717,12,9,47,148,15.847395451210563
APTUSDT,1351,214,1137,744,3,5,38,168,15.840118430792005
GLMRUSDT,1333,211,1122,676,5,7,40,159,15.828957239309826
ATAUSDT,1450,229,1221,729,6,6,36,181,15.793103448275861
C98USDT,1429,225,1204,728,2,3,37,183,15.745276417074876
BIGTIMEUSDT,331,52,279,165,0,3,13,36,15.709969788519636
NKNUSDT,1344,211,1133,703,6,7,38,160,15.699404761904761
GMTUSDT,1354,212,1142,697,2,6,53,151,15.657311669128507
GASUSDT,1291,202,1089,699,3,19,54,126,15.646785437645235
PYRUSDT,1396,218,1178,766,7,7,40,164,15.616045845272206
THETAUSDT,1391,215,1176,675,3,2,36,174,15.456506110711718
AAVEUSDT,1372,211,1161,715,0,3,42,166,15.379008746355685
HMSTRUSDT,540,83,457,286,5,6,15,57,15.37037037037037
SUSHIUSDT,1413,217,1196,709,7,7,45,158,15.357395612172683
PROMUSDT,1253,192,1061,672,17,7,59,109,15.323224261771747
RONINUSDT,842,129,713,425,1,4,20,104,15.320665083135394
IDEXUSDT,1399,214,1185,783,18,17,48,131,15.296640457469621
MBLUSDT,1383,211,1172,757,13,14,44,140,15.256688358640636
GMXUSDT,1378,210,1168,686,2,3,33,172,15.239477503628446
LRCUSDT,1361,206,1155,724,1,6,59,140,15.135929463629685
OGNUSDT,1349,204,1145,703,11,9,52,132,15.122312824314307
CTKUSDT,1402,212,1190,735,9,11,41,151,15.121255349500714
COSUSDT,1333,201,1132,701,6,17,64,114,15.078769692423105
DFUSDT,1390,207,1183,724,12,7,42,146,14.892086330935253
ALPINEUSDT,1290,192,1098,722,17,16,45,114,14.883720930232558
AVAXUSDT,1379,205,1174,700,0,2,39,164,14.865844815083392
GLMUSDT,1317,194,1123,690,7,13,41,133,14.730447987851178
FIOUSDT,1460,215,1245,752,12,10,35,158,14.726027397260275
MASKUSDT,1380,203,1177,743,3,11,59,130,14.71014492753623
DOGEUSDT,1378,202,1176,678,2,4,43,153,14.658925979680696
SOLUSDT,1434,209,1225,714,2,6,31,170,14.574616457461644
STGUSDT,1406,204,1202,679,5,4,53,142,14.509246088193455
GUSDT,697,101,596,364,0,2,19,80,14.49067431850789
HOTUSDT,1363,197,1166,708,2,9,50,136,14.453411592076302
RDNTUSDT,1242,179,1063,675,4,5,42,128,14.412238325281804
IQUSDT,1015,146,869,537,8,9,26,103,14.384236453201972
NEOUSDT,1370,197,1173,684,3,3,44,147,14.379562043795621
PUNDIXUSDT,1407,202,1205,763,4,9,51,138,14.356787491115849
TKOUSDT,1464,209,1255,817,6,9,31,163,14.275956284153004
COMPUSDT,1354,193,1161,726,4,4,34,151,14.254062038404728
ERAUSDT,204,29,175,127,2,0,6,21,14.215686274509803
FILUSDT,1333,189,1144,666,4,4,40,141,14.17854463615904
ONGUSDT,1448,205,1243,755,6,4,59,136,14.157458563535913
CTSIUSDT,1378,194,1184,735,6,9,45,134,14.078374455732948
MLNUSDT,1415,198,1217,772,17,20,37,124,13.992932862190813
ARBUSDT,1280,179,1101,689,0,0,44,135,13.984374999999998
PSGUSDT,1163,162,1001,727,6,11,48,97,13.929492691315563
BANDUSDT,1415,197,1218,744,1,8,39,149,13.922261484098941
LUNCUSDT,1266,176,1090,696,3,12,39,122,13.902053712480253
SHIBUSDT,1310,181,1129,674,3,7,28,143,13.816793893129772
SAHARAUSDT,232,32,200,140,1,3,9,19,13.793103448275861
KAIAUSDT,545,75,470,290,1,5,18,51,13.761467889908257
CAKEUSDT,1339,184,1155,713,3,11,49,121,13.741598207617626
ASTRUSDT,1392,191,1201,696,1,4,47,139,13.721264367816092
DYDXUSDT,1386,189,1197,737,3,3,26,157,13.636363636363635
LSKUSDT,1423,194,1229,741,10,8,36,140,13.633169360505972
APEUSDT,1340,182,1158,711,1,2,42,137,13.582089552238804
MTLUSDT,1442,194,1248,718,9,5,36,144,13.453536754507628
OSMOUSDT,1274,171,1103,598,7,15,38,111,13.422291993720565
XVSUSDT,1441,193,1248,727,6,5,49,133,13.39347675225538
ATMUSDT,1225,164,1061,757,17,17,41,89,13.387755102040815
ENJUSDT,1420,190,1230,752,2,4,37,147,13.380281690140844
ADXUSDT,1482,198,1284,747,6,10,35,147,13.360323886639677
OXTUSDT,1382,183,1199,724,4,10,29,140,13.241678726483357
DENTUSDT,1383,183,1200,679,7,7,29,140,13.232104121475055
LAZIOUSDT,1302,171,1131,735,5,8,53,105,13.13364055299539
TUSDT,1400,183,1217,718,6,13,54,110,13.071428571428573
FARMUSDT,1401,183,1218,756,18,10,37,118,13.062098501070663
DGBUSDT,1361,177,1184,704,13,5,35,124,13.005143277002205
RVNUSDT,1386,179,1207,708,3,11,35,130,12.914862914862915
BARUSDT,1155,149,1006,700,3,13,45,88,12.9004329004329
WAXPUSDT,1437,185,1252,751,2,9,27,147,12.874043145441894
XECUSDT,1353,174,1179,733,8,7,41,118,12.86031042128603
VETUSDT,1341,172,1169,682,5,2,23,142,12.826249067859807
ANKRUSDT,1435,183,1252,739,1,3,39,140,12.752613240418118
SXPUSDT,1305,166,1139,684,11,13,33,109,12.720306513409962
WANUSDT,1392,177,1215,713,4,10,34,129,12.71551724137931
MANAUSDT,1342,169,1173,692,1,7,37,124,12.593144560357675
STEEMUSDT,1497,187,1310,774,7,11,43,126,12.491649966599866
KSMUSDT,1358,169,1189,690,4,5,38,122,12.444771723122239
AVAUSDT,1486,184,1302,745,3,7,39,135,12.382234185733513
BATUSDT,1449,179,1270,708,1,5,28,145,12.353347135955833
ALGOUSDT,1375,168,1207,727,2,4,37,125,12.218181818181819
AXSUSDT,1354,164,1190,695,0,5,32,127,12.112259970457902
QKCUSDT,1244,150,1094,669,7,12,40,91,12.057877813504824
SKYUSDT,142,17,125,68,0,0,2,15,11.971830985915492
IOTAUSDT,1424,170,1254,729,5,5,29,131,11.938202247191011
KAVAUSDT,1456,173,1283,767,4,3,30,136,11.881868131868131
UNIUSDT,1363,161,1202,735,3,4,31,123,11.812179016874541
IOSTUSDT,1425,168,1257,688,3,10,32,123,11.789473684210526
JUVUSDT,1196,140,1056,780,11,8,37,84,11.705685618729097
SANDUSDT,1335,156,1179,704,4,3,36,113,11.685393258426966
WINUSDT,1294,151,1143,651,6,12,33,100,11.669242658423492
1INCHUSDT,1439,166,1273,720,7,4,30,125,11.53578874218207
QTUMUSDT,1387,160,1227,705,6,9,32,113,11.535688536409516
ONTUSDT,1419,163,1256,709,5,6,42,110,11.486962649753348
POLUSDT,596,68,528,313,0,1,14,53,11.409395973154362
GNSUSDT,1312,149,1163,655,2,9,27,111,11.356707317073171
ADAUSDT,1348,153,1195,689,2,5,29,117,11.350148367952523
PORTOUSDT,1298,146,1152,734,5,6,38,97,11.248073959938367
ICXUSDT,1480,165,1315,740,3,5,32,125,11.14864864864865
LINKUSDT,1445,161,1284,732,1,3,17,140,11.141868512110726
FLOWUSDT,1317,146,1171,681,0,4,26,116,11.08580106302202
EGLDUSDT,1428,156,1272,744,1,8,26,121,10.92436974789916
ZILUSDT,1442,157,1285,738,1,4,20,132,10.8876560332871
BCHUSDT,1374,149,1225,728,2,3,47,97,10.844250363901018
HIVEUSDT,1480,160,1320,787,6,10,50,94,10.81081081081081
CITYUSDT,1180,127,1053,728,0,7,46,74,10.762711864406779
CHZUSDT,1406,151,1255,751,0,0,26,125,10.73968705547653
XRPUSDT,1347,144,1203,709,2,3,28,111,10.690423162583519
DASHUSDT,1369,146,1223,710,6,7,33,100,10.66471877282688
ONDOUSDT,315,33,282,170,0,0,3,30,10.476190476190476
KNCUSDT,1408,146,1262,695,6,7,19,114,10.369318181818182
GNOUSDT,1316,136,1180,659,3,6,27,100,10.33434650455927
QNTUSDT,1364,135,1229,724,1,2,20,112,9.897360703812316
ACMUSDT,1241,122,1119,728,7,10,27,78,9.830781627719581
BNSOLUSDT,579,56,523,282,0,0,7,49,9.671848013816927
XTZUSDT,1372,132,1240,695,5,2,21,104,9.620991253644315
ATOMUSDT,1389,133,1256,682,0,0,19,114,9.575233981281498
SUNUSDT,1293,120,1173,606,9,8,25,78,9.280742459396752
YFIUSDT,1359,125,1234,720,2,2,26,95,9.197939661515822
JSTUSDT,1500,135,1365,726,6,7,29,93,9.0
REQUSDT,1360,122,1238,696,14,13,24,71,8.970588235294118
DOTUSDT,1354,121,1233,669,0,4,18,99,8.936484490398819
ETCUSDT,1297,115,1182,670,2,1,25,87,8.866615265998458
XLMUSDT,1387,115,1272,766,6,5,29,75,8.29127613554434
BIFIUSDT,1317,109,1208,735,11,6,12,80,8.276385725132878
LTCUSDT,1427,117,1310,695,0,2,19,96,8.199018920812893
BNTUSDT,1405,114,1291,730,3,4,21,86,8.113879003558718
AUSDT,259,19,240,151,0,0,2,17,7.335907335907336
TWTUSDT,1397,99,1298,785,0,2,20,77,7.086614173228346
SFPUSDT,1445,96,1349,768,4,1,23,68,6.6435986159169556
WBETHUSDT,1120,69,1051,569,0,0,5,64,6.1607142857142865
TONUSDT,696,41,655,378,0,0,6,35,5.890804597701149
NEXOUSDT,1207,68,1139,661,0,1,10,57,5.633802816901409
ETHUSDT,1429,73,1356,750,0,0,5,68,5.108467459762071
BNBUSDT,1456,63,1393,727,0,0,6,57,4.326923076923077
BTCUSDT,1348,43,1305,686,0,0,4,39,3.1899109792284865
WBTCUSDT,1134,34,1100,592,0,0,3,31,2.9982363315696645
TRXUSDT,1617,39,1578,711,2,0,7,30,2.411873840445269
AEURUSDT,746,9,737,397,1,0,2,6,1.2064343163538873
TUSDUSDT,683,6,677,441,0,2,1,3,0.8784773060029283
USDPUSDT,1071,8,1063,701,2,1,1,4,0.7469654528478058
PAXGUSDT,1243,3,1240,614,0,1,1,1,0.2413515687851971
EURIUSDT,617,1,616,312,0,0,1,0,0.1620745542949757
EURUSDT,1518,1,1517,754,0,0,0,1,0.06587615283267458
FDUSDUSDT,607,0,607,380,0,0,0,0,0.0
USDCUSDT,575,0,575,327,0,0,0,0,0.0
USD1USDT,147,0,147,86,0,0,0,0,0.0
XUSDUSDT,112,0,112,76,0,0,0,0,0.0
BFUSDUSDT,43,0,43,22,0,0,0,0,0.0
USDEUSDT,25,0,25,18,0,0,0,0,0.0
KGSTUSDT,3,0,3,2,0,0,0,0,0.0
