date,tier,rally_range_pct,rally_start_idx,rally_low,rally_high,f1_vol_spike,f1_atr_expansion,f1_detected,f2_green_ratio,f2_ema_aligned,f2_detected,f3_pullback_depth,f3_candles_to_pullback,f3_detected,f4_new_high_made,f4_recovery_candles
2025-03-02,SILVER,26.251025430680897,192,0.2438,0.3078,3.756322612039254,1.878048780487795,True,0.5,1.0,False,,0,False,False,20
2024-04-24,SILVER,36.923873640600746,192,0.1931,0.2644,2.674370553194152,0.9937106918239019,False,0.6875,1.0,True,-1.5873015873015817,6,True,True,20
2025-04-07,SILVER,19.863013698630127,192,0.146,0.175,3.144850387396405,1.333333333333331,True,0.4375,0.0,False,,0,False,False,20
2024-11-16,SILVER,20.230263157894733,192,0.1824,0.2193,2.1936667248192925,0.7222222222222223,False,0.5,1.0,False,-3.1820552947313674,2,True,True,20
2025-07-14,SILVER,18.18528402592452,192,0.2623,0.31,2.3406948883044154,1.0651085141903127,False,0.625,1.0,True,-2.1587998536406694,1,True,True,20
2024-11-24,SILVER,28.716744913928018,192,0.2556,0.329,1.7867091231834125,0.5127931769722812,False,0.625,0.6875,False,,0,False,False,20
2024-11-30,SILVER,21.76973353443943,192,0.3978,0.4844,1.987220027424645,1.2999999999999996,True,0.25,0.3125,False,-3.0971479500891186,1,True,False,20
2024-12-03,SILVER,21.829728120658864,192,0.5039,0.6139,1.6518861652490295,0.6175942549371635,False,0.625,0.875,True,-2.959590210586238,2,True,True,20
2025-01-20,SILVER,25.1303441084463,192,0.3836,0.48,3.959973759233878,2.278481012658222,True,0.5,0.0625,False,,0,False,False,20
2025-08-22,SILVER,12.709030100334463,192,0.2392,0.2696,2.5001733658495056,0.8597285067873296,False,0.4375,0.0,False,-0.48115477145148633,2,False,True,20
2024-12-09,SILVER,43.247912467607264,192,0.3473,0.4975,1.6538287814478196,0.9770833333333301,False,0.375,0.0625,False,,0,False,False,20
2024-12-06,SILVER,19.786096256684505,192,0.4301,0.5152,4.023826041488462,1.5074441687344942,True,0.5,0.0,False,-0.8155168613621311,1,False,True,20
2025-03-04,SILVER,12.482662968099856,192,0.2163,0.2433,3.135057742196729,0.7456140350877202,False,0.3125,0.0,False,-1.1235955056179803,1,True,False,20
2024-12-01,SILVER,23.807274444969305,192,0.4234,0.5242,2.4745819534690283,1.236966824644548,True,0.375,0.0,False,,0,False,False,20
2024-12-20,SILVER,26.105412097629998,192,0.2827,0.3565,2.0362852869373307,0.6809145129224654,False,0.5625,0.6875,False,,0,False,False,20
2024-11-26,SILVER,19.218500797448158,192,0.2508,0.299,2.706062613708221,1.0176600441501098,False,0.5625,0.5,False,-1.0158013544018019,2,True,True,20
2024-11-18,SILVER,27.588105726872225,192,0.1816,0.2317,3.079505400650223,1.032110091743122,False,0.8125,0.6875,False,,0,False,False,20
2024-11-23,SILVER,24.274099883856003,192,0.2583,0.321,3.3015522039517218,1.0168350168350173,False,0.625,1.0,True,-2.4590163934426257,4,True,True,20
2024-12-24,SILVER,14.210816777041945,192,0.3624,0.4139,1.610344665805477,0.9843750000000034,False,0.375,0.5,False,,0,False,False,20
2024-11-29,GOLD,48.3506126295947,192,0.3183,0.4722,3.2561474653786493,1.2887700534759374,True,0.5,1.0,False,-2.570162481536198,1,True,True,20
2024-11-17,SILVER,11.607142857142861,192,0.1792,0.2,2.5881898510801435,0.5883905013192611,False,0.5,0.0,False,-2.550000000000008,1,True,False,20
2025-07-17,SILVER,18.729700469144706,192,0.2771,0.329,1.632351053013612,1.2684210526315771,True,0.4375,0.0,False,,0,False,False,20
2024-12-10,SILVER,17.156730509846252,192,0.3707,0.4343,9.173875948081376,4.042586750788648,True,0.5,0.0,False,,0,False,False,20
2025-04-09,SILVER,24.260752688172047,192,0.1488,0.1849,6.61265553975481,0.7034700315457432,False,0.3125,0.0,False,-0.8327994875080069,1,False,True,20
2025-02-03,GOLD,45.50433591967138,192,0.2191,0.3188,1.923307282340062,1.2468671679198002,True,0.375,0.0,False,,0,False,False,20
2025-10-10,GOLD,125.49999999999999,192,0.1,0.2255,1.8386392312995428,0.6994818652849715,False,0.4375,1.0,False,-0.6311992786293907,2,False,True,20
2024-12-02,GOLD,21.683841262880964,192,0.4561,0.555,1.9464807114771956,0.9474903474903457,False,0.5,0.0625,False,,0,False,False,20
2024-04-19,SILVER,12.554927809165095,192,0.1593,0.1793,3.4140937522831116,0.6074766355140178,False,0.3125,0.125,False,,0,False,False,20
2024-03-12,SILVER,16.327272727272724,192,0.275,0.3199,3.4987998077049096,0.7605985037406475,False,0.5,0.0,False,-0.8154943934760461,1,False,True,20
2024-11-19,SILVER,16.471163245356802,192,0.2046,0.2383,1.5713822412105398,0.4691011235955043,False,0.5625,0.5,False,,0,False,False,20
2024-01-08,GOLD,22.61613691931541,192,0.1636,0.2006,5.482391599133752,1.5575757575757563,True,0.3125,0.0,False,,0,False,False,20
2024-12-30,SILVER,12.612612612612594,192,0.3108,0.35,1.2187582434536584,1.0510948905109596,False,0.5,0.875,False,-1.089258698940998,2,True,True,20
2025-11-07,SILVER,18.917197452229306,192,0.157,0.1867,2.523730329538361,0.6532663316582934,False,0.625,0.875,True,-0.694006309148254,1,False,True,20
2024-03-03,SILVER,16.681776971894834,192,0.2206,0.2574,1.7762535107556554,0.8759689922480595,False,0.5625,1.0,False,,0,False,False,20
2024-03-11,SILVER,21.170809943865287,192,0.2494,0.3022,2.1919967265121647,1.3906250000000064,True,0.625,0.1875,False,,0,False,False,20
2025-06-23,SILVER,13.797468354430364,192,0.158,0.1798,2.996671996766871,1.1204188481675417,True,0.4375,1.0,False,-0.7411982705373577,3,False,False,20
2024-12-21,SILVER,15.961716579191098,192,0.3239,0.3756,1.8517578881077792,1.1064516129032274,True,0.4375,1.0,False,,0,False,False,20
2024-04-13,GOLD,32.693625771076086,192,0.1459,0.1936,2.9617521499405974,0.2878965922444171,False,0.375,0.0,False,,0,False,False,20
2025-01-10,SILVER,13.89299438368312,192,0.3383,0.3853,1.9224941485681049,0.7513513513513497,False,0.5625,0.375,False,,0,False,False,20
2025-08-24,SILVER,11.787974683544288,192,0.2528,0.2826,2.2874140991849106,1.016393442622949,False,0.25,0.75,False,,0,False,False,20
2025-07-13,GOLD,24.45877475817597,192,0.2171,0.2702,4.01631875231206,0.8023255813953492,False,0.625,1.0,True,-1.6304347826086918,2,True,True,20
2024-04-26,SILVER,11.324675324675315,192,0.1925,0.2143,2.8296279551312007,0.6714975845410649,False,0.5625,0.125,False,,0,False,False,20
2024-12-11,SILVER,16.0678642714571,192,0.4008,0.4652,1.6466091842314983,0.6529774127310066,False,0.375,0.75,False,,0,False,False,20
2024-08-05,GOLD,23.34754797441365,192,0.0938,0.1157,1.3024287305487317,0.5555555555555575,False,0.375,0.0,False,,0,False,False,20
2024-11-14,GOLD,10.198300283286121,192,0.1412,0.1556,2.738445447829986,0.9769585253456183,False,0.625,0.0,False,-1.2261580381471515,1,True,True,20
2025-01-01,SILVER,17.995722578674012,192,0.3273,0.3862,2.1130083450194257,0.5177935943060503,False,0.375,0.75,False,-0.4714201532115436,1,False,True,20
2024-12-22,SILVER,12.760581174984198,192,0.3166,0.357,1.9068066475959324,0.7723214285714304,False,0.4375,0.0,False,,0,False,False,20
2024-11-28,GOLD,16.772823779193203,192,0.2826,0.33,2.0151931920777613,0.943793911007028,False,0.4375,0.0,False,,0,False,False,20
2024-03-14,SILVER,10.388716890264881,192,0.2907,0.3209,1.116474914822522,0.5914529914529918,False,0.4375,0.0,False,,0,False,False,20
2024-03-06,GOLD,18.948322756119683,192,0.2206,0.2624,4.333828499963356,0.664596273291926,False,0.4375,0.0,False,,0,False,False,20
2024-03-19,SILVER,15.669255367747814,192,0.2189,0.2532,1.130069588164961,0.5612745098039214,False,0.25,0.0,False,,0,False,False,20
2024-01-10,SILVER,15.04772599663109,192,0.1781,0.2049,6.6455637579241165,2.098591549295774,True,0.5,1.0,False,-0.8029978586723829,1,False,True,20
2024-12-31,SILVER,11.742424242424221,192,0.3168,0.354,3.4456436159982844,1.3355119825708055,True,0.3125,0.0,False,,0,False,False,20
2024-07-08,SILVER,13.168724279835399,192,0.1215,0.1375,4.228357875030317,1.2830188679245131,True,0.5,0.0,False,,0,False,False,20
2025-02-07,SILVER,13.364055299539167,192,0.2604,0.2952,1.009000330567092,0.8189655172413784,False,0.4375,0.5625,False,-0.8133086876155438,1,False,True,20
2025-02-28,SILVER,14.514608859566437,192,0.2122,0.243,4.257861484116862,1.027450980392157,False,0.3125,0.375,False,,0,False,False,20
2024-12-23,SILVER,13.419007770472202,192,0.3346,0.3795,2.3597945724406126,1.0149925037481233,False,0.5625,0.375,False,,0,False,False,20
2025-01-15,SILVER,21.693264809304846,192,0.3697,0.4499,1.299322170877862,0.6156648451730413,False,0.625,1.0,True,-1.1739594450373536,1,True,True,20
2025-02-09,SILVER,11.730545876887355,192,0.2583,0.2886,1.5535211013003745,0.7843750000000015,False,0.625,1.0,True,-1.2898602651379432,1,True,True,20
2024-12-19,SILVER,19.482543640897767,192,0.3208,0.3833,8.239795682749527,1.1923620933521928,True,0.5,0.0,False,-1.45827707264381,1,True,True,20
2024-03-20,SILVER,15.521978021978033,192,0.2184,0.2523,1.8194608565453434,1.247933884297518,True,0.5,0.0,False,-1.413276231263394,2,True,True,20
2025-10-21,SILVER,10.202931228861335,192,0.1774,0.1955,3.6401815854021513,0.5652173913043468,False,0.1875,0.0,False,,0,False,False,20
2025-02-12,SILVER,10.845121508886457,192,0.2757,0.3056,2.0780133215698258,1.0252808988764113,False,0.375,0.0,False,-1.2860618700034854,1,True,True,20
2024-11-11,SILVER,12.862190812720865,192,0.1415,0.1597,6.969753848422634,1.5060240963855398,True,0.6875,0.9375,True,-0.9504412763068459,3,False,True,20
2024-02-28,SILVER,16.710046850598648,192,0.1921,0.2242,1.9140272511998135,0.5619469026548665,False,0.4375,0.9375,False,,0,False,False,20
2024-11-21,GOLD,9.620128268376927,192,0.2027,0.2222,2.145225508973192,0.6745406824146992,False,0.5625,0.75,False,-1.3017201301720238,1,True,True,20
2024-11-25,SILVER,14.480874316939897,192,0.2562,0.2933,1.5789154298852115,0.7621621621621615,False,0.375,0.125,False,,0,False,False,20
2025-08-12,SILVER,12.229350441058529,192,0.2494,0.2799,2.199741610041578,0.7317073170731744,False,0.5625,0.625,False,-0.4700352526439633,2,False,True,20
2025-03-01,SILVER,10.598290598290582,192,0.234,0.2588,1.303326633750574,0.5552486187845309,False,0.5,0.5,False,-0.753453327752196,1,False,True,20
2025-07-10,SILVER,12.177121771217703,192,0.1897,0.2128,2.3660531499043085,0.8896551724137919,False,0.5,1.0,False,-1.1381272633212647,1,True,True,20
2025-04-12,SILVER,11.70152628603731,192,0.1769,0.1976,2.9771046687911884,0.7719298245614024,False,0.3125,0.0,False,,0,False,False,20
2024-03-15,SILVER,18.63468634686347,192,0.271,0.3215,2.37760468764384,0.5941558441558441,False,0.4375,0.6875,False,-0.8248730964466988,2,False,True,20
2024-07-05,SILVER,16.57940663176265,192,0.1146,0.1336,5.764115430498203,1.1962616822429817,True,0.375,0.0,False,,0,False,False,20
2025-02-04,SILVER,13.910855499640551,192,0.2782,0.3169,1.4355043695239802,0.8323353293413159,False,0.375,0.6875,False,-1.0728936573051517,2,True,False,20
2025-02-25,SILVER,13.588516746411482,192,0.209,0.2374,10.11372808112356,2.0814332247557013,True,0.5,0.0,False,,0,False,False,20
2025-01-16,SILVER,13.859525487432457,192,0.4257,0.4847,1.3571163950113976,0.659707724425888,False,0.625,0.25,False,,0,False,False,20
2024-11-09,SILVER,4.602184087363481,192,0.1282,0.1341,3.336630679453179,0.9470198675496657,False,0.5,0.9375,False,,0,False,False,20
2024-05-01,SILVER,10.81570996978851,192,0.1655,0.1834,2.4201222398051665,0.6566523605150191,False,0.5625,0.625,False,,0,False,False,20
2024-11-13,SILVER,11.916726489590811,192,0.1393,0.1559,1.5020268357296873,1.0230414746543792,False,0.375,0.375,False,,0,False,False,20
2025-01-27,SILVER,12.855484619849111,192,0.3446,0.3889,5.409135131939889,1.5186440677966033,True,0.3125,0.0,False,-1.7866390471258264,1,True,False,20
2024-03-17,SILVER,11.60111243543902,192,0.2517,0.2809,1.921259843458541,0.8732394366197181,False,0.5625,0.3125,False,,0,False,False,20
2025-07-30,SILVER,8.996683250414605,192,0.2412,0.2629,2.351794588056847,0.8695652173913027,False,0.3125,0.6875,False,,0,False,False,20
2024-04-14,SILVER,12.492269635126775,192,0.1617,0.1819,3.776408276241958,1.4644351464435161,True,0.5625,0.0,False,,0,False,False,20
2025-10-12,SILVER,15.874790385690329,192,0.1789,0.2073,2.810302942165153,1.416216216216217,True,0.4375,0.125,False,,0,False,False,20
2024-12-07,SILVER,13.602231280841014,192,0.4661,0.5295,4.249074187922293,1.7594086021505324,True,0.3125,0.75,False,-3.1488549618320705,1,True,False,20
2024-09-18,SILVER,7.214765100671139,192,0.1192,0.1278,1.5853504039405666,0.7826086956521685,False,0.5625,0.125,False,,0,False,False,20
2025-03-11,SILVER,15.380184331797242,192,0.1736,0.2003,1.4891150212040196,0.6280487804878042,False,0.5625,0.25,False,,0,False,False,20
2025-01-13,SILVER,15.610510046367843,192,0.3235,0.374,2.3524772779351992,1.0148809523809526,False,0.3125,0.5,False,-1.0160427807486716,3,True,False,20
2025-05-10,SILVER,10.217391304347823,192,0.23,0.2535,4.601985898800027,0.9699570815450677,False,0.5625,0.6875,False,-1.7292281737663395,2,True,False,20
2025-01-14,SILVER,9.441065739936283,192,0.3453,0.3779,1.7632448215578784,0.9021739130434748,False,0.375,1.0,False,,0,False,False,20
2025-05-07,SILVER,4.4284243048403615,192,0.1942,0.2028,9.822825069226694,1.1938775510204063,True,0.4375,1.0,False,,0,False,False,20
2025-05-08,SILVER,14.113510798593687,192,0.1991,0.2272,1.8242476852254699,0.686440677966107,False,0.6875,1.0,True,-0.40000000000001146,2,False,True,20
2025-04-13,SILVER,6.737193763919813,192,0.1796,0.1917,1.2141473177591409,0.7903225806451594,False,0.4375,0.375,False,-0.8872651356993666,1,False,False,20
2025-05-13,SILVER,11.391843971631221,192,0.2256,0.2513,1.2399719569541652,0.3853754940711464,False,0.3125,0.0625,False,,0,False,False,20
2024-04-23,SILVER,3.690036900368998,192,0.1897,0.1967,2.780569514237856,0.815476190476188,False,0.375,0.5,False,-0.4094165813715467,1,False,True,20
2024-03-01,SILVER,7.928268050967424,192,0.2119,0.2287,2.8912396166495404,1.087719298245614,False,0.5625,0.625,False,-0.4653327128897211,1,False,True,20
2024-08-08,SILVER,14.12639405204461,192,0.1076,0.1228,3.2727893780465647,0.9781021897810223,False,0.5,0.625,False,,0,False,False,20
2025-04-22,SILVER,10.929250263991541,192,0.1894,0.2101,3.6639624289178463,0.5833333333333321,False,0.4375,0.0,False,,0,False,False,20
2025-04-03,SILVER,7.84780023781213,192,0.1682,0.1814,7.0265808342319795,1.6561085972850678,True,0.625,0.0,False,-0.7186290768380288,5,False,True,20
2025-11-05,SILVER,11.179277436946155,192,0.1467,0.1631,5.019899700010303,0.9159420289855053,False,0.5,0.5,False,,0,False,False,20
2025-04-24,SILVER,9.385582970488638,192,0.2067,0.2261,1.4758909910232838,0.5761316872427963,False,0.375,0.0,False,,0,False,False,20
2025-01-29,SILVER,9.10633484162895,192,0.3536,0.3858,2.0389324461514,1.0851528384279503,False,0.5625,0.5,False,-0.6828735318219037,1,False,True,20
2025-03-18,SILVER,6.500000000000017,192,0.18,0.1917,1.259684238108088,0.6257309941520476,False,0.25,0.0,False,,0,False,False,20
2025-03-23,SILVER,2.728731942215079,192,0.1869,0.192,2.6914789518185533,0.9158878504672939,False,0.6875,0.3125,False,,0,False,False,20
2024-05-20,SILVER,9.385863267670903,192,0.1726,0.1888,2.957467308230706,0.8037383177570079,False,0.4375,0.375,False,,0,False,False,20
2025-08-07,SILVER,9.470636889991724,192,0.2418,0.2647,1.4665734830004113,0.5244444444444466,False,0.4375,0.6875,False,,0,False,False,20
2024-03-25,SILVER,8.026888098062468,192,0.2529,0.2732,1.908612640820465,0.8484848484848365,False,0.4375,1.0,False,,0,False,False,20
2024-03-07,SILVER,10.302091402013946,192,0.2582,0.2848,2.441948613029715,1.0046838407494205,False,0.375,1.0,False,-1.7254038179148279,2,True,True,20
2024-06-24,SILVER,8.140462889066246,192,0.1253,0.1355,3.7609890012125637,1.113402061855672,True,0.4375,0.125,False,-0.3750937734433579,1,False,True,20
2025-06-22,SILVER,8.498023715415037,192,0.1518,0.1647,6.512952227791292,1.6352201257861556,True,0.375,0.375,False,,0,False,False,20
2024-09-06,SILVER,8.7971274685817,192,0.1114,0.1212,1.623684159073793,1.0781249999999958,False,0.5,1.0,False,-0.5089058524173073,1,False,True,20
2025-12-02,SILVER,9.42367601246108,192,0.1284,0.1405,1.831459458214849,0.581560283687941,False,0.375,0.6875,False,,0,False,False,20
2024-02-27,SILVER,5.307539682539675,192,0.2016,0.2123,2.001133516978889,0.8679245283018908,False,0.5,0.9375,False,,0,False,False,20
2025-02-20,SILVER,4.730769230769227,192,0.26,0.2723,2.7373140498926247,0.8475836431226709,False,0.5,1.0,False,,0,False,False,20
2024-01-23,SILVER,11.372812920592201,192,0.1486,0.1655,3.6184700696742866,0.9230769230769242,False,0.5625,0.5,False,-0.3694581280788145,1,False,True,20
2025-12-18,SILVER,9.229305423406275,192,0.1051,0.1148,1.4443572201957076,0.4312499999999993,False,0.5,0.375,False,-0.3577817531305927,2,False,True,20
2025-08-19,SILVER,9.39881456392888,192,0.2362,0.2584,1.8807312115973842,0.8098859315589424,False,0.1875,0.0,False,,0,False,False,20
2025-11-09,SILVER,7.248084855627579,192,0.1697,0.182,1.6316738262440893,0.5341614906832339,False,0.4375,0.0625,False,,0,False,False,20
2025-05-11,SILVER,9.388275276125757,192,0.2354,0.2575,4.050694586958176,1.0322580645161306,False,0.5625,1.0,False,-4.155339805825253,1,True,False,20
2025-03-05,SILVER,8.799658265698419,192,0.2341,0.2547,0.8281684704771395,0.558208955223881,False,0.5625,1.0,False,-1.5754560530679917,1,True,True,20
2024-02-24,SILVER,8.865638766519801,192,0.1816,0.1977,2.7298991976533244,0.6923076923076928,False,0.5,0.0,False,,0,False,False,20
2025-07-25,SILVER,7.802547770700641,192,0.2512,0.2708,2.8603188321143103,0.7611940298507478,False,0.4375,0.0,False,,0,False,False,20
2025-02-10,SILVER,10.991058122205644,192,0.2684,0.2979,4.9852214454013515,2.010135135135147,True,0.4375,0.625,False,-0.1778726431874822,1,False,True,20
2025-03-31,SILVER,5.510440835266817,192,0.1724,0.1819,2.9192610188694244,1.2269938650306769,True,0.375,0.0,False,,0,False,False,20
2023-12-09,SILVER,21.448013064779524,192,0.1837,0.2231,1.2666196289305927,0.5930232558139537,False,0.8125,1.0,True,-2.4894067796610075,4,True,True,20
2023-12-11,SILVER,25.389221556886234,192,0.167,0.2094,2.1554143408034907,1.108333333333334,True,0.4375,0.1875,False,,0,False,False,20
2023-03-14,SILVER,11.896635787420774,192,0.2051,0.2295,3.9181688824949323,0.9350180505415155,False,0.375,0.25,False,,0,False,False,20
2023-07-17,SILVER,10.576923076923084,192,0.1144,0.1265,2.7225121705302353,0.9999999999999972,False,0.625,0.4375,False,-0.17226528854434875,1,False,True,20
2023-12-21,SILVER,18.448098663926004,192,0.1946,0.2305,2.7823236593525666,0.9573459715639817,False,0.375,0.0625,False,,0,False,False,20
2023-07-13,SILVER,18.98734177215191,192,0.1027,0.1222,3.6634942907278623,0.7343750000000028,False,0.125,0.0,False,-0.4716981132075526,1,False,False,20
2023-03-12,SILVER,11.638168781025925,192,0.1813,0.2024,1.3660560872183147,0.7298850574712661,False,0.5,1.0,False,,0,False,False,20
2023-02-01,SILVER,9.094846253789534,192,0.2309,0.2519,3.6134400511035976,1.4868421052631546,True,0.375,0.0625,False,,0,False,False,20
2023-11-12,SILVER,16.118935837245708,192,0.1278,0.1484,1.9464291791933745,1.2500000000000144,True,0.5625,0.25,False,,0,False,False,20
2023-03-13,SILVER,11.455108359133126,192,0.1938,0.216,5.545301608391931,1.797468354430382,True,0.5,1.0,False,,0,False,False,20
2023-12-13,SILVER,10.797612588171468,192,0.1843,0.2042,4.090339440142541,0.8495297805642641,False,0.25,0.25,False,-1.0494752623688153,2,True,False,20
2023-06-10,SILVER,37.513873473917855,192,0.0901,0.1239,5.660126625828786,1.0114942528735635,False,0.1875,0.0,False,,0,False,False,20
2023-12-08,GOLD,14.347290640394107,192,0.1624,0.1857,2.845775946850527,0.9278846153846176,False,0.5625,1.0,False,-0.4857316332726347,1,False,True,20
2023-03-28,SILVER,3.8090401218892955,192,0.1969,0.2044,1.128104305574603,0.8461538461538418,False,0.375,0.125,False,,0,False,False,20
2023-01-13,SILVER,7.225433526011549,192,0.2076,0.2226,1.5687680409442042,0.7321428571428582,False,0.5,0.375,False,,0,False,False,20
2023-12-18,SILVER,10.922467458970008,192,0.1767,0.196,4.39497938792716,0.9791666666666661,False,0.4375,0.0,False,,0,False,False,20
2023-02-07,SILVER,12.899408284023671,192,0.2535,0.2862,4.206337152041561,0.9074889867841411,False,0.625,0.0,False,-0.5479452054794609,2,False,True,20
2023-03-21,SILVER,10.62163485070975,192,0.2043,0.226,2.1963060275054653,0.591240875912407,False,0.5625,0.0,False,,0,False,False,20
2023-01-20,SILVER,11.363636363636353,192,0.2156,0.2401,2.5997036249427063,0.9440559440559443,False,0.5,1.0,False,,0,False,False,20
2023-11-14,SILVER,11.428571428571432,192,0.1225,0.1365,3.9883474010340785,1.3522727272727266,True,0.5,0.0625,False,,0,False,False,20
2023-09-20,SILVER,7.150480256136604,192,0.0937,0.1004,4.639707984395782,0.7230769230769227,False,0.4375,0.5,False,-0.7164790174001956,1,False,False,20
2023-06-16,SILVER,7.776761207685268,192,0.1093,0.1178,6.354467177568121,0.6666666666666662,False,0.4375,1.0,False,,0,False,False,20
2023-06-23,SILVER,11.646586345381538,192,0.1245,0.139,1.6135414674784065,0.7469879518072317,False,0.5625,0.125,False,-0.31847133757960666,3,False,True,20
2023-02-15,SILVER,9.333865177503009,192,0.2507,0.2741,1.560831836237678,0.5991735537190105,False,0.4375,0.3125,False,-0.9023146331894938,1,False,False,20
2023-12-14,SILVER,11.0035659704534,192,0.1963,0.2179,2.7847798364548155,0.7867647058823531,False,0.5,0.875,False,,0,False,False,20
2023-08-07,SILVER,4.944029850746268,192,0.1072,0.1125,2.1018177732876433,1.3584905660377329,True,0.4375,1.0,False,-0.6323396567299078,1,False,True,20
2023-11-10,SILVER,7.3640167364016795,192,0.1195,0.1283,1.3996777399558946,0.3607594936708859,False,0.5,1.0,False,-0.8019246190858031,1,False,True,20
2023-10-23,SILVER,6.451612903225823,192,0.093,0.099,2.10639413664706,1.3953488372092842,True,0.625,1.0,True,-1.0570824524312905,1,True,True,20
2023-11-19,SILVER,9.195402298850563,192,0.1305,0.1425,1.6205604092408885,0.7606837606837524,False,0.4375,0.1875,False,,0,False,False,20
2023-11-05,SILVER,7.874015748031504,192,0.1143,0.1233,2.8476576017606914,1.0999999999999988,False,0.5625,1.0,False,,0,False,False,20
2023-01-27,SILVER,8.938313050776326,192,0.2383,0.2596,1.7154083100193906,0.6267123287671241,False,0.4375,0.1875,False,-1.5789473684210464,1,True,False,20
2023-12-28,SILVER,7.824513794663046,192,0.2211,0.2384,3.023315015065756,0.7807692307692308,False,0.625,0.875,True,-0.8580008580008625,3,False,True,20
2023-02-14,SILVER,9.18410935497651,192,0.2341,0.2556,2.75525425559429,0.6178571428571433,False,0.4375,1.0,False,,0,False,False,20
2023-03-17,SILVER,10.334788937409023,192,0.2061,0.2274,1.7508295732467896,0.9024390243902379,False,0.625,0.6875,False,,0,False,False,20
2023-06-20,SILVER,7.583774250440922,192,0.1134,0.122,1.3135792795419263,0.5242718446601935,False,0.375,0.9375,False,,0,False,False,20
